<?xml version="1.0"?>
<data grt_format="2.0">
  <value _ptr_="0x6000002a0720" type="list" content-type="object" content-struct-name="db.mgmt.Connection">
    <value type="object" struct-name="db.mgmt.Connection" id="1BB9343A-A65C-40F8-A85A-073CF25740E9" struct-checksum="0x96ba47d8">
      <link type="object" struct-name="db.mgmt.Driver" key="driver">com.mysql.rdbms.mysql.driver.native</link>
      <value type="string" key="hostIdentifier">Mysql@localhost:3306</value>
      <value type="int" key="isDefault">0</value>
      <value _ptr_="0x6040032b0f80" type="dict" key="modules"/>
      <value _ptr_="0x6040018a14a0" type="dict" key="parameterValues">
        <value type="string" key="DbSqlEditor:LastDefaultSchema">HW1</value>
        <value type="string" key="hostName">localhost</value>
        <value type="int" key="lastConnected">1662618717</value>
        <value type="int" key="port">3306</value>
        <value type="string" key="serverVersion">8.0.17</value>
        <value type="string" key="userName">root</value>
      </value>
      <value type="string" key="name">Local instance 3306</value>
    </value>
  </value>
</data>
