<?xml version="1.0"?>
<data grt_format="2.0">
  <value _ptr_="0x6000002a1200" type="list" content-type="object" content-struct-name="db.mgmt.ServerInstance">
    <value type="object" struct-name="db.mgmt.ServerInstance" id="489D3C16-3917-4A08-8E3C-9635F621F651" struct-checksum="0x367436e2">
      <value _ptr_="0x6040018b9440" type="dict" key="loginInfo">
        <value type="string" key="ssh.hostName"></value>
        <value type="string" key="ssh.key">~/.ssh/ssh_private_key</value>
        <value type="string" key="ssh.localPort">3306</value>
        <value type="int" key="ssh.useKey">0</value>
        <value type="string" key="ssh.userName">mysql</value>
      </value>
      <value _ptr_="0x6040018b9500" type="dict" key="serverInfo">
        <value type="string" key="detected_os_name">Mac OS X</value>
        <value type="string" key="detected_os_type">darwin</value>
        <value type="string" key="detected_os_variant">Mac OS X</value>
        <value type="string" key="detected_os_version">10.13.6</value>
        <value type="string" key="serverVersion">5.7</value>
        <value type="int" key="setupPending">1</value>
        <value type="string" key="sys.config.path">/etc/my.cnf</value>
        <value type="string" key="sys.config.section">mysqld</value>
        <value type="string" key="sys.mysqld.start">launchctl load -F /Library/LaunchDaemons/com.oracle.oss.mysql.mysqld.plist</value>
        <value type="string" key="sys.mysqld.stop">launchctl unload -F /Library/LaunchDaemons/com.oracle.oss.mysql.mysqld.plist</value>
        <value type="string" key="sys.system">MacOS X</value>
        <value type="int" key="sys.usesudo">1</value>
        <value type="int" key="sys.usesudostatus">0</value>
      </value>
      <value type="string" key="name"></value>
    </value>
    <value type="object" struct-name="db.mgmt.ServerInstance" id="23BC4810-57F5-47D2-8737-AFAB959CC716" struct-checksum="0x367436e2">
      <value _ptr_="0x6040016bd880" type="dict" key="loginInfo">
        <value type="string" key="ssh.hostName"></value>
        <value type="string" key="ssh.key">~/.ssh/ssh_private_key</value>
        <value type="string" key="ssh.localPort">3306</value>
        <value type="int" key="ssh.useKey">0</value>
        <value type="string" key="ssh.userName">mysql</value>
      </value>
      <value _ptr_="0x6040016bda00" type="dict" key="serverInfo">
        <value type="string" key="detected_os_name">Mac OS X</value>
        <value type="string" key="detected_os_type">darwin</value>
        <value type="string" key="detected_os_variant">Mac OS X</value>
        <value type="string" key="detected_os_version">10.13.6</value>
        <value type="string" key="serverVersion">5.7</value>
        <value type="int" key="setupPending">1</value>
        <value type="string" key="sys.config.path">/etc/my.cnf</value>
        <value type="string" key="sys.config.section">mysqld</value>
        <value type="string" key="sys.mysqld.start">launchctl load -F /Library/LaunchDaemons/com.oracle.oss.mysql.mysqld.plist</value>
        <value type="string" key="sys.mysqld.stop">launchctl unload -F /Library/LaunchDaemons/com.oracle.oss.mysql.mysqld.plist</value>
        <value type="string" key="sys.system">MacOS X</value>
        <value type="int" key="sys.usesudo">1</value>
        <value type="int" key="sys.usesudostatus">0</value>
      </value>
      <value type="string" key="name">Local instance 3306</value>
    </value>
    <value type="object" struct-name="db.mgmt.ServerInstance" id="A92E4C85-68EE-4147-98FF-6945F6612F96" struct-checksum="0x367436e2">
      <link type="object" struct-name="db.mgmt.Connection" key="connection">1BB9343A-A65C-40F8-A85A-073CF25740E9</link>
      <value _ptr_="0x6040034a7b00" type="dict" key="loginInfo"/>
      <value _ptr_="0x6040018ae3a0" type="dict" key="serverInfo">
        <value type="int" key="setupPending">1</value>
        <value type="string" key="sys.config.path"></value>
        <value type="string" key="sys.config.section">mysqld</value>
        <value type="string" key="sys.preset">Custom</value>
        <value type="string" key="sys.system">MacOS X</value>
      </value>
      <value type="string" key="name">Local 3306</value>
      <link type="object" struct-name="GrtObject" key="owner">94A712D8-2EB0-4C1D-997B-6EADBC023BE8</link>
    </value>
  </value>
</data>
